,player.id,player.name,minutes_played,total_duels,yellow_cards,red_cards,duel_success_rate,possession_win_rate,discipline,card_discipline,duels_per90,interceptions_per90,z_duel_success_rate,z_possession_win_rate,z_discipline,z_card_discipline,z_duels_per90,z_interceptions_per90,CB_ground_duels_quality_z_score,CB_rank_for_ground_duels_quality,CB_rank_for_ground_duels_quality_z_score
0,479155,N. Collins,3420.0,213,2,0,0.6807511737089202,0.26291079812206575,0.9765258215962441,0.9906103286384976,5.605263157894737,3.81578947368421,0.17296605789219424,-0.13322367397964244,0.06580755527005183,-0.3866633183444262,0.33632687496940084,0.3817200235033881,0.07714219983468017,36,0.06974858324629156
1,496001,M. Kilman,3349.0,146,2,0,0.678082191780822,0.2808219178082192,0.9863013698630136,0.9863013698630136,3.923559271424306,2.660495670349358,0.13452324151837697,0.13227953117358512,0.5781727160918518,-0.8410824584628916,-0.71774466169315,-0.656938061911129,-0.203541201614386,45,-0.3487429162314578
2,192792,D. Burn,3330.0,184,1,0,0.6467391304347826,0.2608695652173913,0.9836956521739131,0.9945652173913043,4.972972972972973,3.2162162162162162,-0.3169281299705324,-0.16348163038614602,0.4415994082426527,0.030415897298046394,-0.05998492058453727,-0.15732174221008427,-0.16988657121491488,44,-0.3022438607339301
3,424241,N. Milenković,3330.0,157,0,0,0.7133757961783439,0.3184713375796178,0.9872611464968153,1.0,4.243243243243243,3.027027027027027,0.6428764599273273,0.6903709177881961,0.6284774249338546,0.6035634646002853,-0.5173706373880695,-0.3274108402881194,0.6474867507931356,21,0.7672344157092073
4,370,V. van Dijk,3330.0,149,0,0,0.7449664429530202,0.38926174496644295,0.9865771812080537,1.0,4.027027027027027,3.0,1.0978939406767452,1.739723520229612,0.5926287977664023,0.6035634646002853,-0.6528923312557826,-0.351709282870696,1.3690883316039595,4,1.5577183591671782
5,627012,Murillo,3189.0,161,0,0,0.6521739130434783,0.3167701863354037,0.9751552795031055,1.0,4.543744120413923,2.9633113828786453,-0.23864796341782343,0.6651541186319485,-0.0060265762590286385,0.6035634646002853,-0.3290203434296379,-0.38469390436331874,0.254372625942196,33,0.2092457497388747
6,619747,L. Colwill,3150.0,184,0,0,0.7010869565217391,0.2826086956521739,0.9728260869565217,1.0,5.257142857142857,3.685714285714286,0.46587353555655386,0.15876560534311276,-0.12810639021402948,0.6035634646002853,0.11812930564160025,0.2647769175101014,0.408749137863116,29,0.3952419717289855
7,504375,M. Lacroix,3117.0,230,3,0,0.691304347826087,0.24347826086956523,0.9782608695652174,0.9869565217391304,6.641000962463908,4.590952839268527,0.3249692357616784,-0.42127941896955295,0.1567465090143116,-0.7719906969250858,0.9855147302303384,1.0786247371417768,0.19193466681586047,34,0.16274669424134697
8,590703,I. Zabarnyi,3116.0,225,1,0,0.7333333333333333,0.28444444444444444,0.9866666666666667,0.9955555555555555,6.498716302952503,4.7657252888318355,0.930335857102624,0.18597759413802828,0.5973189931541444,0.1348561206731201,0.8963324366640976,1.2357525753787975,0.9886018717783375,11,1.2322249706844843
9,578325,W. Saliba,3039.0,173,2,0,0.7630057803468208,0.31213872832369943,0.9479768786127167,0.9884393063583815,5.123395853899309,3.9091806515301086,1.3577244504431927,0.5965002897152281,-1.43052629362222,-0.6156174878114077,0.03429831115610539,0.4656826498898749,0.5756182721373105,24,0.6277372492166241
10,397074,M. Guéhi,2969.0,162,0,0,0.7037037037037037,0.32098765432098764,0.9876543209876543,1.0,4.910744358369821,3.4557089929269114,0.5035639861189692,0.7276712190379775,0.6490848533595867,0.6035634646002853,-0.09898905915306583,0.057992412692241126,0.7908223420767692,17,0.953230637699318
11,590781,J. van Hecke,2968.0,141,3,0,0.6524822695035462,0.3333333333333333,0.9716312056737588,0.9787234042553191,4.275606469002696,2.789757412398922,-0.23420653552830742,0.9106758220447172,-0.19073362337770866,-1.6402482882425158,-0.4970857612085773,-0.5407262782704687,-0.06930830324619687,42,-0.2092457497388747
12,50102,F. Schär,2945.0,185,2,0,0.5783783783783784,0.21081081081081082,0.972972972972973,0.9891891891891892,5.65365025466893,3.269949066213922,-1.3015656843929806,-0.9055212110383855,-0.12040766320785479,-0.5365354800874066,0.36665531855673156,-0.1090136331027888,-1.0269559069877496,63,-1.1857259151869566
13,9433,J. Tarkowski,2922.0,155,0,0,0.7096774193548387,0.25161290322580643,0.967741935483871,1.0,4.774127310061601,3.3880903490759753,0.5896067020430936,-0.3006965823740888,-0.39458168304053887,0.6035634646002853,-0.18461896296852523,-0.0027996135073342088,0.02423598399130693,40,-0.11624763874381927
14,447424,C. Bassey,2901.0,193,2,0,0.7253886010362695,0.33678756476683935,0.9637305699481865,0.9896373056994818,5.987590486039297,4.343329886246122,0.8159035030953495,0.9618791824714732,-0.6048291179381426,-0.4892774927428429,0.5759649929089642,0.8560012092144874,0.9507507050077934,13,1.1392268596894288
15,549884,T. Harwood-Bellis,2838.0,158,1,0,0.6012658227848101,0.21518987341772153,0.9873417721518988,0.9936708860759493,5.010570824524312,3.0126849894291756,-0.9719052197343346,-0.8406087333109179,0.6327032520287543,-0.06389952516941125,-0.036419044642424576,-0.3403049398403957,-0.8022672553248898,59,-0.9997296931968458
16,285382,W. Faes,2836.0,140,1,0,0.6214285714285714,0.2785714285714286,0.9642857142857143,0.9928571428571429,4.4428772919605075,2.7609308885754587,-0.681490048487432,0.09891969013625083,-0.5757323747157049,-0.14971619528265126,-0.3922424443723407,-0.5666425447277174,-0.49224763222305074,51,-0.6277372492166241
17,145787,J. Andersen,2673.0,143,1,1,0.6573426573426573,0.23776223776223776,0.965034965034965,0.972027972027972,4.814814814814815,3.164983164983165,-0.16419969312993365,-0.5060101606717919,-0.5364619450518607,-2.3463428957804613,-0.15911652998777182,-0.20338242629759473,-0.8983306079593478,61,-1.092727804191901
18,393247,I. Konaté,2573.0,141,0,0,0.7021276595744681,0.28368794326241137,0.9645390070921985,1.0,4.93198600855033,3.462883793237466,0.48086335468366836,0.1747636950601688,-0.5624565557040533,0.6035634646002853,-0.08567505124290367,0.06444286220757736,0.2681082167630171,32,0.2557448052364024
19,240032,J. Bednarek,2532.0,183,1,0,0.6885245901639344,0.3005464480874317,0.994535519125683,0.994535519125683,6.504739336492891,4.478672985781991,0.284930855492096,0.42466359766616285,1.009748633479503,0.027283943378363946,0.9001076008118191,0.9776803909362366,0.9005432871322057,15,1.0462287486943735
20,590874,Toti,2530.0,143,1,0,0.6293706293706294,0.3146853146853147,0.958041958041958,0.993006993006993,5.086956521739131,3.2015810276679844,-0.5670962146879295,0.63424928883174,-0.9029859552477657,-0.13391312549489842,0.011458581073985834,-0.1704793968891868,-0.03224226355658326,41,-0.16274669424134697
21,604320,J. Branthwaite,2525.0,112,1,0,0.7232142857142857,0.23214285714285715,0.9821428571428571,0.9910714285714286,3.992079207920792,2.887128712871287,0.7845856422354385,-0.5893083347426666,0.36021286560597965,-0.3380361102533854,-0.6747971991012324,-0.4531853529828818,-0.30114731119181165,48,-0.48824008272404096
22,399581,D. O'Shea,2520.0,128,0,0,0.75,0.3046875,0.9921875,1.0,4.571428571428571,3.428571428571429,1.170395034530931,0.4860479541306418,0.8866820632869317,0.6035634646002853,-0.31166806633886196,0.03359459236730247,0.8693833069543362,16,0.9997296931968458
23,777938,Dean Huijsen,2457.0,153,1,0,0.7254901960784313,0.27450980392156865,0.9869281045751634,0.9934640522875817,5.604395604395604,4.065934065934066,0.8173668324304803,0.03871271360084047,0.6110217208555873,-0.08571204117495076,0.3357831029906802,0.6066106119520174,0.5840893003568967,23,0.6742363047141517
24,412027,E. Konsa,2399.0,82,0,0,0.6951219512195121,0.2682926829268293,1.0,1.0,3.0762817840766985,2.138390996248437,0.379956279584068,-0.05344598891761822,1.2961581059276701,0.6035634646002853,-1.248807882901791,-1.126332288403362,-0.07681772174991273,43,-0.2557448052364024
25,415917,Gabriel Magalhaes,2365.0,85,0,0,0.6470588235294118,0.27058823529411763,0.9647058823529412,1.0,3.234672304439746,2.0930232558139537,-0.3123234142909606,-0.01941816029541863,-0.5537101337669594,0.6035634646002853,-1.1495306316954181,-1.1671198095371573,-0.5843747347804673,56,-0.8602325267042626
26,258154,Rúben Dias,2276.0,79,0,0,0.6455696202531646,0.27848101265822783,0.9746835443037974,1.0,3.1239015817223197,2.016695957820738,-0.3337732291021277,0.09757942134388647,-0.030751601870167237,0.6035634646002853,-1.218960373073394,-1.2357412848446974,-0.46608213367779106,50,-0.5812381937190964
27,365443,M. de Ligt,2150.0,117,0,0,0.7094017094017094,0.2905982905982906,0.9743589743589743,1.0,4.897674418604652,3.4744186046511625,0.5856354997696726,0.2771983500983112,-0.047763264790652106,0.6035634646002853,-0.10718113839079278,0.07481314646252969,0.4457162616477867,28,0.44174102722651326
28,9097,L. Dunk,2102.0,72,0,0,0.625,0.2222222222222222,0.9722222222222222,1.0,3.082778306374881,1.9267364414843007,-0.6300487961813666,-0.73636560501594,-0.1597567123505118,0.6035634646002853,-1.244735941761083,-1.3166187021156166,-1.090782580743783,64,-1.2322249706844843
29,413002,K. Mavropanos,2046.0,104,1,0,0.6442307692307693,0.3942307692307692,0.9807692307692307,0.9903846153846154,4.574780058651027,2.9472140762463344,-0.3530574376102432,1.8133812195683465,0.288217077888927,-0.41046684678059087,-0.30956739492155727,-0.39916606515807407,0.7603956530923132,18,0.9067315822017903
30,400549,Pau Torres,2026.0,75,0,0,0.7733333333333333,0.3333333333333333,1.0,1.0,3.3316880552813424,2.5765054294175718,1.5064778829305598,0.9106758220447172,1.2961581059276701,0.6035634646002853,-1.0887223393481253,-0.7324488476419064,0.9752281598317369,12,1.1857259151869566
31,297957,M. Akanji,1974.0,84,1,0,0.5357142857142857,0.19047619047619047,0.9404761904761905,0.9880952380952381,3.829787234042553,2.0516717325227964,-1.916080103833008,-1.2069488698904134,-1.8236593618112904,-0.651902635204609,-0.776519833906383,-1.2042965812696709,-2.163180865018025,73,-1.6507164701622337
32,534563,C. Richards,1926.0,160,0,0,0.68125,0.3,0.98125,1.0,7.476635514018692,5.093457943925234,0.18015092763916773,0.41656339392652014,0.3134156035898954,0.6035634646002853,1.5092803009303861,1.5303981201610217,1.0787248267148883,8,1.3717221371770674
33,424806,E. Pinnock,1921.0,109,0,0,0.7247706422018348,0.3302752293577982,1.0,1.0,5.106715252472671,3.7011972930765227,0.8070027017266139,0.8653444066210298,1.2961581059276701,0.6035634646002853,0.02384311311578064,0.2786967972297874,1.1519893055598125,7,1.4182211926745951
34,501419,J. Todibo,1877.0,137,0,0,0.7445255474452555,0.2116788321167883,0.9854014598540146,1.0,6.568993074054342,4.890783164624401,1.0915434799011952,-0.8926542075837395,0.5310057926719846,0.6035634646002853,0.9403810618132434,1.3481849051132488,0.5205526918650784,25,0.5812381937190964
35,346131,T. Chalobah,1872.0,121,0,0,0.6694214876033058,0.33884297520661155,0.9834710743801653,1.0,5.8173076923076925,3.894230769230769,0.009778350270111006,0.9923472977667332,0.4298286272828048,0.6035634646002853,0.4692338094349346,0.45224207219320417,0.9358264833490342,14,1.092727804191901
36,620468,J. Greaves,1846.0,93,0,0,0.6451612903225806,0.3225806451612903,0.989247311827957,1.0,4.534127843986998,2.9252437703141925,-0.3396546299374478,0.7512847162001376,0.7325781762716005,0.6035634646002853,-0.33504770850374377,-0.41891830119498424,0.38313822695287897,30,0.3487429162314578
37,8653,H. Maguire,1795.0,75,1,0,0.7066666666666667,0.36,0.9866666666666667,0.9866666666666667,3.7604456824512535,2.6573816155988856,0.5462411732173346,1.305965764539275,0.5973189931541444,-0.8025585671811987,-0.8199822748440739,-0.6597377290916029,0.6017868333617193,22,0.7207353602116795
38,7953,C. Coady,1730.0,58,1,0,0.6551724137931034,0.3275862068965517,0.9482758620689655,0.9827586206896551,3.0173410404624277,1.976878612716763,-0.19545890600943294,0.8254840240933039,-1.414855693624805,-1.2146977833930201,-1.2857512239342732,-1.2715387653752814,-0.5483139084800416,54,-0.7672344157092073
39,364003,S. Bueno,1727.0,134,0,0,0.6716417910447762,0.23880597014925373,0.9552238805970149,1.0,6.98320787492762,4.6902142443543715,0.04175860333814825,-0.49053852635017003,-1.0506896608491005,0.6035634646002853,1.2000058597205805,1.167864946571114,0.14371321248120242,35,0.11624763874381927
40,488453,L. Martínez,1663.0,118,0,0,0.7203389830508474,0.2457627118644068,0.9745762711864406,1.0,6.386049308478653,4.600120264582081,0.7431710747008939,-0.3874161501302071,-0.03637410063202349,0.6035634646002853,0.8257141352189756,1.0868666409734002,0.5201509284075273,26,0.5347391382215686
41,62126,M. Doherty,1661.0,82,0,0,0.6707317073170732,0.2682926829268293,0.9878048780487805,1.0,4.44310656231186,2.980132450331126,0.028650166274352698,-0.05344598891761822,0.656975990586029,0.6035634646002853,-0.39209874050538407,-0.36957105192146406,0.030402199307625607,39,-0.06974858324629156
42,558243,S. van den Berg,1572.0,80,0,0,0.65,0.2,0.9875,1.0,4.580152671755725,2.9770992366412212,-0.2699600300389067,-1.065773890428071,0.6409964377024908,0.6035634646002853,-0.30619990639000116,-0.37229803956280294,-0.6416496488892923,57,-0.9067315822017903
43,288080,C. Burgess,1546.0,57,0,0,0.7368421052631579,0.2807017543859649,1.0,1.0,3.318240620957309,2.445019404915912,0.9808746312980571,0.1304983039633533,1.2961581059276701,0.6035634646002853,-1.0971510275828014,-0.8506603554622046,0.32081912846481364,31,0.3022438607339301
44,283145,T. Adarabioyo,1425.0,68,0,0,0.7058823529411765,0.35294117647058826,1.0,1.0,4.294736842105263,3.031578947368421,0.5349442707501209,1.2013301915260102,1.2961581059276701,0.6035634646002853,-0.485095076085364,-0.323318471011054,1.023315550086802,10,1.278724026182012
45,415847,C. Romero,1421.0,99,2,0,0.6060606060606061,0.29292929292929293,0.9292929292929293,0.9797979797979798,6.270232230823364,3.800140745953554,-0.9028433159862599,0.311751666749933,-2.4098068860531554,-1.5269244623413631,0.7531213999592042,0.3676511541500003,-0.5520007051769191,55,-0.8137334712067349
46,623641,E. Agbadou,1411.0,71,0,0,0.7605633802816901,0.4647887323943662,0.9577464788732395,1.0,4.528703047484054,3.4443656980864636,1.3225452174080266,2.859288214623523,-0.9184728852560393,0.6035634646002853,-0.3384479049544645,0.0477943099522605,1.9909718760072004,3,1.604217414664706
47,15806,J. Vestergaard,1396.0,77,4,0,0.7532467532467533,0.33766233766233766,0.922077922077922,0.948051948051948,4.964183381088826,3.7392550143266474,1.2171598093546276,0.9748462672548729,-2.787966579112424,-4.874834061821093,-0.06549412984456035,0.31291230135072207,-0.2330007068558257,46,-0.3952419717289855
48,8136,J. Stephens,1393.0,96,1,0,0.6666666666666666,0.25,0.9791666666666666,0.9895833333333334,6.202440775305097,4.1349605168700645,-0.029900852610601186,-0.3246052482507754,0.20422199221903223,-0.4949693727289972,0.7106305403818352,0.6686683163776712,0.03743555160812312,37,0.023249527748763855
49,136441,B. Davies,1350.0,66,0,0,0.4393939393939394,0.16666666666666666,0.9545454545454546,1.0,4.4,1.9333333333333331,-3.3034350902693235,-1.5598863185462684,-1.0862479603457154,0.6035634646002853,-0.41911740933397706,-1.310687816796381,-2.4632546866483067,74,-1.6972155256597614
50,286380,I. Diop,1345.0,55,0,0,0.7090909090909091,0.2909090909090909,0.9636363636363636,1.0,3.680297397769517,2.6096654275092934,0.5811588717523611,0.2818054589851936,-0.6097667470910405,0.6035634646002853,-0.8702182446096295,-0.7026366041841148,0.03599973086900789,38,-0.023249527748763855
51,545267,R. Drăgușin,1267.0,60,0,0,0.6333333333333333,0.2,1.0,1.0,4.262036306235201,2.6992896606156274,-0.5100192074672137,-1.065773890428071,1.2961581059276701,0.6035634646002853,-0.5055913741385181,-0.6220606207448717,-0.7074591336584436,58,-0.953230637699318
52,769441,L. Yoro,1219.0,68,0,0,0.5588235294117647,0.25,1.0,1.0,5.02050861361772,2.80557834290402,-1.5832249418525828,-0.3246052482507754,1.2961581059276701,0.6035634646002853,-0.030190159340445805,-0.5265025913256696,-0.5315650024353652,53,-0.7207353602116795
53,518805,L. Woolfenden,1180.0,46,0,0,0.6086956521739131,0.13043478260869565,1.0,1.0,3.508474576271187,2.135593220338983,-0.8648892958394917,-2.0969650447617,1.2961581059276701,0.6035634646002853,-0.9779146987520778,-1.1288476075032687,-1.6231055795758424,69,-1.4647202481721229
54,583655,C. Okoli,1145.0,86,1,0,0.7441860465116279,0.3023255813953488,0.9767441860465116,0.9883720930232558,6.759825327510917,5.03056768558952,1.0866534610094287,0.4510363540277896,0.07725267667151618,-0.6227057491626412,1.0599923966409972,1.4738571129075928,1.0683549037112343,9,1.3252230816795396
55,412968,M. Senesi,1133.0,131,2,0,0.6793893129770993,0.29770992366412213,0.9389312977099237,0.9847328244274809,10.406001765225065,7.069726390114739,0.1533504278690228,0.3826167385596212,-1.9046317235693997,-1.0064999305693585,3.3453714289214904,3.307147198758274,1.1613082645183272,6,1.4647202481721229
56,482177,J. Kiwior,1121.0,61,0,0,0.639344262295082,0.2459016393442623,0.9672131147540983,1.0,4.897413024085638,3.131132917038358,-0.4234404877389711,-0.38535677629809484,-0.4222987287613326,0.6035634646002853,-0.10734497729522115,-0.23381523362303058,-0.40780145216762054,49,-0.5347391382215686
57,7919,M. Keane,1055.0,47,0,0,0.6382978723404256,0.2553191489361702,1.0,1.0,4.009478672985782,2.559241706161137,-0.43851221844601523,-0.24575752035957404,1.2961581059276701,0.6035634646002853,-0.6638914260779843,-0.7479696664093011,-0.2677460627795929,47,-0.44174102722651326
58,625787,M. van de Ven,1022.0,48,0,0,0.5833333333333334,0.20833333333333334,0.9791666666666666,1.0,4.227005870841487,2.4657534246575343,-1.2301967397521318,-0.9422457833985217,0.20422199221903223,0.6035634646002853,-0.5275480248678611,-0.8320195930988856,-1.1093895909220086,65,-1.278724026182012
59,8360,C. Dawson,997.0,39,0,0,0.6410256410256411,0.20512820512820512,0.9743589743589743,1.0,3.5205616850551658,2.2567703109327986,-0.3992226640387635,-0.9897565937945024,-0.047763264790652106,0.6035634646002853,-0.9703386460163752,-1.0199042681129216,-1.0237765976193984,62,-1.1392268596894288
60,568412,J. Gvardiol,988.0,51,0,0,0.8431372549019608,0.39215686274509803,1.0,1.0,4.645748987854251,3.9170040485829962,2.511902202512643,1.7826389304885946,1.2961581059276701,0.6035634646002853,-0.2650849334951629,0.4727162153612155,2.244288744932537,1,1.6972155256597614
61,563725,Morato,975.0,60,0,0,0.6833333333333333,0.3,0.9666666666666667,1.0,5.538461538461538,3.7846153846153845,0.2101583248177059,0.41656339392652014,-0.45093967600614704,0.6035634646002853,0.2944564326079436,0.35369319641117763,0.4710516940740333,27,0.48824008272404096
62,767087,A. Gray,935.0,37,0,0,0.5135135135135135,0.21621621621621623,1.0,1.0,3.5614973262032086,1.8288770053475936,-2.235850050600443,-0.8253948713435426,1.2961581059276701,0.6035634646002853,-0.9446806841621359,-1.4045984820504667,-1.4040361390299143,66,-1.3252230816795396
63,234399,A. Webster,901.0,37,0,0,0.5675675675675675,0.21621621621621623,0.9459459459459459,1.0,3.695893451720311,2.097669256381798,-1.4572797454275577,-0.8253948713435426,-1.5369734323433855,0.6035634646002853,-0.8604428277327092,-1.1629428581498114,-1.540815332295186,68,-1.4182211926745951
64,557788,W. Fofana,870.0,60,1,0,0.5333333333333333,0.18333333333333332,0.9333333333333333,0.9833333333333333,6.206896551724138,3.310344827586207,-1.9503742720370516,-1.31283010448717,-2.198037457939964,-1.1540890751265784,0.71342336683293,-0.07269613183628353,-1.854479278730256,71,-1.5577183591671782
65,349142,N. Mazraoui,862.0,104,0,0,0.6923076923076923,0.3173076923076923,0.9711538461538461,1.0,10.8584686774942,7.517401392111369,0.33942095881756273,0.6731217700648147,-0.21575343613044165,0.6035634646002853,3.628972184881848,3.7096259960300606,2.080873056598022,2,1.6507164701622337
66,366217,K. Danso,848.0,33,0,0,0.6060606060606061,0.21212121212121213,0.9393939393939394,1.0,3.5023584905660377,2.1226415094339623,-0.9028433159862599,-0.8860966438396357,-1.880383315770177,0.6035634646002853,-0.9817481868646117,-1.1404917444428244,-1.4640561745493104,67,-1.3717221371770674
67,270866,Diego Carlos,846.0,38,0,0,0.6842105263157895,0.3684210526315789,0.9736842105263158,1.0,4.042553191489362,2.7659574468085104,0.22279301836656418,1.430794167432293,-0.08312961665165798,0.6035634646002853,-0.6431607202599626,-0.5621234558730074,0.7401576667896062,19,0.8602325267042626
68,8582,A. Cresswell,807.0,30,0,0,0.7666666666666667,0.3,1.0,1.0,3.345724907063197,2.5650557620817844,1.4104542119592383,0.41656339392652014,1.2961581059276701,0.6035634646002853,-1.0799242114216578,-0.7427425837627909,0.6572113541286952,20,0.8137334712067349
69,520300,N. Wood,784.0,55,1,0,0.6363636363636364,0.21818181818181817,0.9818181818181818,0.9818181818181818,6.313775510204081,4.017857142857143,-0.4663720842984305,-0.7962580205454183,0.3431956794183148,-1.3138756696471972,0.7804137977335175,0.5633874208195502,-0.5055114424920532,52,-0.6742363047141517
70,653730,A. Khusanov,504.0,30,1,0,0.6666666666666666,0.13333333333333333,0.9666666666666667,0.9666666666666667,5.357142857142857,3.571428571428571,-0.029900852610601186,-2.0539987466644654,-0.45093967600614704,-2.9117416148534305,0.18080808905541743,0.1620292174466348,-1.6803405076253861,70,-1.5112193036696506
71,327391,J. Bree,490.0,40,0,0,0.6,0.125,1.0,1.0,7.346938775510203,4.408163265306122,-0.9901375623238263,-2.177526853694015,1.2961581059276701,0.6035634646002853,1.4279879631058652,0.9142891643398694,-0.8086111688404383,60,-1.0462287486943735
72,645877,Y. Mosquera,442.0,34,0,0,0.7647058823529411,0.29411764705882354,0.9705882352941176,1.0,6.923076923076923,5.294117647058823,1.3822119557912007,0.3293670830821327,-0.24539876048452217,0.6035634646002853,1.1623165106454154,1.7107996963444712,1.320156311640731,5,1.5112193036696506
73,402884,K. Walker-Peters,360.0,41,1,0,0.5365853658536586,0.07317073170731707,0.9512195121951219,0.975609756097561,10.25,5.5,-1.9035334569290887,-2.945811421804626,-1.2605703554388943,-1.9686109837804853,3.2475914203743397,1.8958966560176274,-1.8564174069915513,72,-1.604217414664706
