player.id,player.name,CB_ground_duels_quality_z_score,CB_rank_for_ground_duels_quality,CB_rank_for_ground_duels_quality_z_score,CB_aerial_duels_quality_z_score,CB_rank_for_aerial_duels_quality,CB_rank_for_aerial_duels_quality_z_score,CB_ball_passing_quality_z_score,CB_rank_for_ball_passing_quality,CB_rank_for_ball_passing_quality_z_score,global_quality_z_score,global_quality_rank,global_quality_rank_z_score
568412,J. Gvardiol,2.244288744932537,1,1.6972155256597614,0.5599300958039795,23,0.5288858853479451,2.8735926773652936,1,1.7124789837142298,1.8926038393672702,1,1.7047727121232321
370,V. van Dijk,1.3690883316039597,4,1.5577183591671782,2.370236251286697,1,1.6924348331134242,1.6993807720165668,4,1.5943769848373863,1.8129017849690745,2,1.6497800439902246
578325,W. Saliba,0.5756182721373105,24,0.6277372492166241,1.1722475340175025,7,1.3751033019046572,1.1972777243167294,12,1.2794383211658038,0.9817145101571808,3,1.594787375857217
590781,J. van Hecke,-0.0693083032461968,42,-0.2092457497388747,1.2336742503843026,5,1.4808804789742462,1.651686872074366,5,1.5550096518784384,0.938684273070824,4,1.5397947077242096
623641,E. Agbadou,1.9909718760072004,3,1.604217414664706,1.0821635681204524,8,1.3222147133698627,-0.259025895078615,55,-0.413356996068952,0.9380365163496792,5,1.484802039591202
393247,I. Konaté,0.2681082167630171,32,0.2557448052364024,1.6322846086926246,3,1.5866576560438352,0.6707609412297482,23,0.8463976586173779,0.8570512555617965,6,1.4298093714581948
349142,N. Mazraoui,2.080873056598022,2,1.6507164701622337,-0.5932919385862636,44,-0.5817744738827396,0.7944369624525209,19,1.0038669904531692,0.7606726934880931,7,1.3748167033251872
62126,M. Doherty,0.0304021993076256,39,-0.0697485832462915,1.7341074120024855,2,1.6395462445786295,0.1959488869338321,36,0.3346223301510564,0.6534861660813144,8,1.3198240351921797
777938,Dean Huijsen,0.5840893003568967,23,0.6742363047141517,0.5712396983740641,22,0.5817744738827396,0.6327990209739112,25,0.7676629926994823,0.5960426732349573,9,1.2648313670591722
590703,I. Zabarnyi,0.9886018717783376,11,1.2322249706844843,0.3452487574510928,30,0.1586657656043835,0.2891098636483803,33,0.4527243290278998,0.5409868309592701,10,1.2098386989261647
283145,T. Adarabioyo,1.023315550086802,10,1.278724026182012,-0.320330256409771,39,-0.317331531208767,0.89688823744978,15,1.1613363222889603,0.5332911770422704,11,1.1548460307931572
145787,J. Andersen,-0.8983306079593478,61,-1.092727804191901,0.8867348942690729,13,1.0577717706958902,1.5958179247340645,6,1.5156423189194907,0.5280740703479299,12,1.0998533626601497
240032,J. Bednarek,0.9005432871322057,15,1.0462287486943735,0.8388068960319481,15,0.9519945936263012,-0.2354666994536121,53,-0.3346223301510564,0.5012944945701806,13,1.0448606945271421
412968,M. Senesi,1.1613082645183272,6,1.4647202481721229,-0.1437420210125057,37,-0.211554354139178,0.4620751885297526,27,0.6889283267815867,0.49321381067852466,14,0.9898680263941347
424806,E. Pinnock,1.1519893055598125,7,1.4182211926745951,1.1987248629760918,6,1.4279918904394515,-0.9481124624861736,74,-1.1613363222889603,0.4675339020165769,15,0.9348753582611272
413002,K. Mavropanos,0.7603956530923132,18,0.9067315822017904,0.6780440089014618,20,0.6875516509523286,-0.0681551744086926,47,-0.0984183323973695,0.4567614958616941,16,0.8798826901281198
620468,J. Greaves,0.3831382269528789,30,0.3487429162314578,1.2463757979299392,4,1.5337690675090407,-0.5987891788090864,64,-0.7676629926994823,0.3435749486912439,17,0.8248900219951123
8653,H. Maguire,0.6017868333617193,22,0.7207353602116795,0.7817035086697813,17,0.8462174165567121,-0.4654837640681012,60,-0.6101936608636911,0.30600219265446643,18,0.7698973538621048
496001,M. Kilman,-0.203541201614386,45,-0.3487429162314578,1.0316822585844438,10,1.2164375363002735,-0.1433266268683706,51,-0.2558876642331608,0.2282714767005624,19,0.7149046857290974
447424,C. Bassey,0.9507507050077934,13,1.1392268596894288,-0.6092204134412542,45,-0.6346630624175341,0.2062385591455275,35,0.3739896631100042,0.1825896169040222,20,0.6599120175960899
346131,T. Chalobah,0.9358264833490342,14,1.092727804191901,0.2397465320914772,33,-0.0,-0.6456500439559024,67,-0.8857649915763257,0.17664099049486962,21,0.6049193494630823
399581,D. O'Shea,0.8693833069543362,16,0.9997296931968458,0.5443471336348253,24,0.4759972968131505,-0.8985590050316167,71,-1.043234323412117,0.17172381185251495,22,0.5499266813300748
415917,Gabriel Magalhaes,-0.5843747347804673,56,-0.8602325267042626,0.4132075706265868,27,0.317331531208767,0.6455856728850226,24,0.8070303256584301,0.15813950291038067,23,0.49493401319706737
397074,M. Guéhi,0.7908223420767692,17,0.953230637699318,-0.3056442093123408,38,-0.2644429426739725,-0.0794502228822641,48,-0.1377856653563173,0.13524263662738809,24,0.4399413450640599
9097,L. Dunk,-1.090782580743783,64,-1.2322249706844843,0.1077044361982286,34,-0.0528885885347945,1.2826539769073888,10,1.3581729870836994,0.09985861078727813,25,0.3849486769310524
479155,N. Collins,0.0771421998346801,36,0.0697485832462915,0.8041308511166497,16,0.8991060050915066,-0.5873399768613359,63,-0.7282956597405345,0.0979776913633313,26,0.32995600879804493
258154,Rúben Dias,-0.466082133677791,50,-0.5812381937190964,-1.235251306476787,58,-1.3222147133698627,1.9513904847267685,2,1.673111650755282,0.08335234819073019,27,0.2749633406650374
619747,L. Colwill,0.408749137863116,29,0.3952419717289855,-0.708061695169742,50,-0.8991060050915066,0.5360967089238176,26,0.7282956597405345,0.07892805053906383,28,0.21997067253202995
365443,M. de Ligt,0.4457162616477867,28,0.4417410272265132,0.6540914582389603,21,0.6346630624175341,-0.9298850501857596,73,-1.1219689893300129,0.05664088990032915,29,0.16497800439902247
192792,D. Burn,-0.1698865712149148,44,-0.3022438607339301,1.0111108722457416,11,1.1635489477654792,-0.6749212671548093,68,-0.9251323245352736,0.05543434462533917,30,0.10998533626601498
590874,Toti,-0.0322422635565832,41,-0.1627466942413469,0.4534222217480069,26,0.3702201197435615,-0.3512210597315502,57,-0.4920916619868476,0.02331963281995782,31,0.05499266813300749
625787,M. van de Ven,-1.1093895909220086,65,-1.278724026182012,0.3800367381999995,29,0.211554354139178,0.7227031462791913,20,0.9644996574942214,-0.002216568814272605,32,0.0
627012,Murillo,0.254372625942196,33,0.2092457497388747,0.3999489948364893,28,0.2644429426739725,-0.6756768461128754,69,-0.9644996574942214,-0.007118408444730033,33,-0.05499266813300749
234399,A. Webster,-1.540815332295186,68,-1.4182211926745951,0.2641937392560085,32,0.0528885885347945,1.2519701411987243,11,1.3188056541247517,-0.008217150613484417,34,-0.10998533626601498
400549,Pau Torres,0.9752281598317368,12,1.1857259151869566,-1.7167468722215224,61,-1.4808804789742462,0.7086376749394122,21,0.9251323245352736,-0.010960345816791136,35,-0.16497800439902247
8360,C. Dawson,-1.0237765976193984,62,-1.1392268596894288,0.9982978699062272,12,1.1106603592306847,-0.1204353339731529,49,-0.1771529983152651,-0.04863802056210806,36,-0.21997067253202995
604320,J. Branthwaite,-0.3011473111918116,48,-0.4882400827240409,0.2773188419994668,31,0.105777177069589,-0.2481174872831674,54,-0.3739896631100042,-0.09064865215850405,37,-0.2749633406650374
9433,J. Tarkowski,0.0242359839913069,40,-0.1162476387438192,0.4579071236027188,25,0.423108708278356,-0.8948849099305147,70,-1.0038669904531692,-0.1375806007788297,38,-0.32995600879804493
415847,C. Romero,-0.5520007051769191,55,-0.8137334712067349,-1.1689397332401834,56,-1.2164375363002735,1.2943105069750718,9,1.3975403200426473,-0.1422099771473436,39,-0.3849486769310524
769441,L. Yoro,-0.5315650024353652,53,-0.7207353602116795,-0.0547668787314759,36,-0.1586657656043835,0.1001889950299479,42,0.0984183323973695,-0.16204762871229775,40,-0.4399413450640599
15806,J. Vestergaard,-0.2330007068558257,46,-0.3952419717289855,-0.5875124972009799,43,-0.5288858853479451,0.1040710752672209,41,0.1377856653563173,-0.23881404292986153,41,-0.49493401319706737
488453,L. Martínez,0.5201509284075273,26,0.5347391382215686,-2.103611134925633,65,-1.6924348331134242,0.8341526664629187,17,1.0826016563710648,-0.24976918001839554,42,-0.5499266813300748
412027,E. Konsa,-0.0768177217499127,43,-0.2557448052364024,-0.6586983794685076,48,-0.7933288280219176,-0.1272086943136156,50,-0.2165203312742129,-0.287574931844012,43,-0.6049193494630823
583655,C. Okoli,1.0683549037112343,9,1.3252230816795396,-1.0243916707092806,54,-1.1106603592306847,-1.0790898085741305,77,-1.2794383211658038,-0.34504219185739227,44,-0.6599120175960899
7919,M. Keane,-0.2677460627795929,47,-0.4417410272265132,0.7089536075234752,19,0.7404402394871231,-1.5153408117055542,83,-1.5156423189194907,-0.3580444223205573,45,-0.7149046857290974
545267,R. Drăgușin,-0.7074591336584436,58,-0.953230637699318,-0.0461777238035439,35,-0.105777177069589,-0.3978720365226764,58,-0.5314589949457954,-0.38383629799488794,46,-0.7698973538621048
549884,T. Harwood-Bellis,-0.8022672553248898,59,-0.9997296931968458,-1.265216867786342,60,-1.4279918904394515,0.8834623777070658,16,1.1219689893300129,-0.394673915134722,47,-0.8248900219951123
424241,N. Milenković,0.6474867507931356,21,0.7672344157092073,-0.4656968856095134,40,-0.3702201197435615,-1.37287434293779,81,-1.4369076530015952,-0.3970281592513893,48,-0.8798826901281198
534563,C. Richards,1.0787248267148883,8,1.3717221371770674,-0.5150068619870736,41,-0.423108708278356,-1.8915163473796408,85,-1.5943769848373863,-0.44259946088394203,49,-0.9348753582611272
366217,K. Danso,-1.4640561745493104,67,-1.3717221371770674,0.7420131329596207,18,0.7933288280219176,-0.6304525279913662,65,-0.8070303256584301,-0.4508318565270186,50,-0.9898680263941347
136441,B. Davies,-2.4632546866483067,74,-1.6972155256597614,0.8760175185520743,14,1.0048831821610955,0.0294233413668458,45,-0.0196836664794739,-0.5192712755764622,51,-1.0448606945271421
286380,I. Diop,0.0359997308690078,38,-0.0232495277487638,-1.0761272728880786,55,-1.1635489477654792,-0.5338529681011476,61,-0.6495609938226389,-0.5246601700400727,52,-1.0998533626601497
501419,J. Todibo,0.5205526918650784,25,0.5812381937190964,-1.2149615853349027,57,-1.2693261248350682,-0.9223554155838002,72,-1.0826016563710648,-0.5389214363512081,53,-1.1548460307931572
364003,S. Bueno,0.1437132124812024,35,0.1162476387438192,-0.6580106153395396,47,-0.7404402394871231,-1.189642891690374,80,-1.3975403200426473,-0.5679800981829038,54,-1.2098386989261647
504375,M. Lacroix,0.1919346668158604,34,0.1627466942413469,-0.9327006911308088,53,-1.0577717706958902,-1.1721066771274196,79,-1.3581729870836994,-0.6376242338141226,55,-1.2648313670591722
285382,W. Faes,-0.4922476322230507,51,-0.6277372492166241,-1.260463837559094,59,-1.3751033019046572,-0.1985863904946362,52,-0.2952549971921085,-0.6504326200922602,56,-1.3198240351921797
288080,C. Burgess,0.3208191284648136,31,0.3022438607339301,-0.698288751478973,49,-0.8462174165567121,-1.690358229388612,84,-1.5550096518784384,-0.6892759508009237,57,-1.3748167033251872
297957,M. Akanji,-2.163180865018025,73,-1.6507164701622337,-1.862065428070246,63,-1.5866576560438352,1.931473498918012,3,1.6337443177963342,-0.6979242647234196,58,-1.4298093714581948
7953,C. Coady,-0.5483139084800416,54,-0.7672344157092073,-1.7216775461343077,62,-1.5337690675090407,0.0353587138364559,43,0.0590509994384217,-0.7448775802592978,59,-1.484802039591202
558243,S. van den Berg,-0.6416496488892923,57,-0.9067315822017904,-0.572970923970628,42,-0.4759972968131505,-1.023626552033324,76,-1.240070988206856,-0.7460823749644149,60,-1.5397947077242096
50102,F. Schär,-1.0269559069877496,63,-1.1857259151869566,-0.9005208713959747,52,-1.0048831821610955,-0.4440753347813999,59,-0.5708263279047433,-0.7905173710550414,61,-1.594787375857217
557788,W. Fofana,-1.854479278730256,71,-1.5577183591671782,-0.8322395853303625,51,-0.9519945936263012,-0.3231423032144683,56,-0.4527243290278998,-1.0032870557583624,62,-1.6497800439902246
518805,L. Woolfenden,-1.6231055795758424,69,-1.4647202481721229,-1.880895099669418,64,-1.6395462445786295,-0.9677607950793772,75,-1.2007036552479082,-1.4905871581082124,63,-1.7047727121232321
