player.id,player.name,minutes_played,total_passes,accurate_passes,progressive_passes,final_third_passes,long_passes,accurate_progressive_passes,accurate_long_passes,passes_per90,pass_accuracy_rate,progressive_passes_per90,final_third_passes_per90,progressive_pass_accuracy,long_pass_accuracy,z_passes_per90,z_pass_accuracy_rate,z_progressive_passes_per90,z_final_third_passes_per90,z_progressive_pass_accuracy,z_long_pass_accuracy,CB_ball_passing_quality_z_score,CB_rank_for_ball_passing_quality,CB_rank_for_ball_passing_quality_z_score
370,V. van Dijk,3330.0,2542,2383,322,396,218,277,129,68.70270270270271,0.9374508261211645,8.702702702702704,10.702702702702704,0.860248447204969,0.591743119266055,1.3742899658800303,1.1070134933937816,0.5578258972896945,1.709799754762874,1.7727750682240437,0.6175842864938167,1.6993807720165668,4,1.5943769848373863
7919,M. Keane,1055.0,330,283,62,41,63,37,36,28.151658767772513,0.8575757575757575,5.289099526066351,3.4976303317535544,0.5967741935483871,0.5714285714285714,-2.053309200527747,-1.1934953480665618,-0.9798925360306686,-0.9746876367800236,-1.2185344197584171,0.40507825654100454,-1.5153408117055542,83,-1.5156423189194907
7953,C. Coady,1730.0,930,862,107,74,86,85,45,48.38150289017341,0.9268817204301075,5.566473988439306,3.8497109826589595,0.794392523364486,0.5232558139534884,-0.3433705621596213,0.8026091087542456,-0.8549442624168913,-0.8435083759064416,1.025091197447602,-0.0988463951325416,0.03535871383645597,43,0.059050999438421715
8135,L. Shaw,363.0,244,215,39,25,27,23,16,60.49586776859504,0.8811475409836066,9.669421487603307,6.198347107438017,0.5897435897435898,0.5925925925925926,0.6806027546671264,-0.5145964484941847,0.9933016156019523,0.03155348880332073,-1.2983551672343654,0.626470440673444,0.0066915374705375855,46,-0.059050999438421715
8136,J. Stephens,1393.0,812,763,89,73,38,67,23,52.462311557788944,0.9396551724137931,5.750179468772434,4.716439339554918,0.7528089887640449,0.6052631578947368,0.0015620223093096746,1.170501615885342,-0.7721908523709771,-0.5205801350519523,0.5529797107735456,0.7590144456474706,0.3720831115181023,29,0.6101936608636911
8360,C. Dawson,997.0,493,440,74,54,64,56,40,44.503510531594785,0.8924949290060852,6.680040120361083,4.874623871614844,0.7567567567567568,0.625,-0.6711599871847579,-0.18777649142143055,-0.353318537582447,-0.46164326946762435,0.597800013664866,0.9654772226262424,-0.12043533397315297,49,-0.17715299831526515
8582,A. Cresswell,807.0,479,417,86,66,71,63,44,53.42007434944238,0.8705636743215032,9.591078066914498,7.360594795539034,0.7325581395348837,0.6197183098591549,0.08251744608472368,-0.819425968849024,0.958010424479597,0.46458720504148926,0.3230651874446398,0.910226620336148,0.2695274470539335,34,0.41335699606895204
8653,H. Maguire,1795.0,1027,909,120,104,122,80,73,51.49303621169916,0.8851022395326192,6.016713091922006,5.214484679665738,0.6666666666666666,0.5983606557377049,-0.08036650642617775,-0.40069583916773255,-0.652126028134255,-0.33501691415566276,-0.4250222830857575,0.6868088842997034,-0.46548376406810127,60,-0.6101936608636911
9097,L. Dunk,2102.0,1706,1577,199,245,145,160,75,73.04471931493815,0.9243845252051582,8.52045670789724,10.49000951474786,0.8040201005025126,0.5172413793103449,1.74130129472543,0.7306865452001047,0.47572993852998025,1.6305538913022926,1.1343962336687101,-0.16176207697049938,1.2826539769073888,10,1.3581729870836994
9380,J. Stones,525.0,352,326,27,54,25,24,15,60.34285714285714,0.9261363636363636,4.628571428571428,9.257142857142856,0.8888888888888888,0.6,0.667669447843452,0.7811418358582535,-1.2774391982190998,1.171208748408429,2.097939382232445,0.7039577051197979,0.8261272897072073,18,1.043234323412117
9433,J. Tarkowski,2922.0,1136,978,211,172,178,142,101,34.98973305954826,0.8609154929577465,6.498973305954826,5.297741273100616,0.6729857819905213,0.5674157303370787,-1.4753172311980594,-1.0973065007288487,-0.43488331350038284,-0.303996923816648,-0.35327929734211205,0.3631008058979165,-0.8948849099305147,70,-1.0038669904531692
15806,J. Vestergaard,1396.0,842,771,99,65,67,73,41,54.28366762177651,0.9156769596199525,6.382521489971347,4.19054441260745,0.7373737373737373,0.6119402985074627,0.15551313973733688,0.47989700622181997,-0.48734111095529287,-0.7165196382218387,0.37773824678821616,0.8288625493019803,0.10407107526722091,41,0.13778566535631734
50102,F. Schär,2945.0,1808,1524,298,279,297,204,127,55.25297113752123,0.8429203539823009,9.106960950764007,8.526315789473685,0.6845637583892618,0.4276094276094276,0.23744404952831433,-1.6155905794809875,0.7399312351685396,0.8989150159448215,-0.22183073957019703,-1.099382267449891,-0.4440753347813999,59,-0.5708263279047433
62126,M. Doherty,1661.0,900,797,160,131,123,121,67,48.76580373269115,0.8855555555555555,8.669476219145093,7.098133654425045,0.75625,0.5447154471544715,-0.3108873232674911,-0.3876397312014807,0.5428584351691268,0.36679864889439134,0.5920466382456431,0.12563812169091318,0.19594888693383217,36,0.3346223301510564
71703,V. Lindelöf,699.0,343,325,36,26,18,27,11,44.163090128755364,0.9475218658892128,4.635193133047211,3.347639484978541,0.75,0.6111111111111112,-0.6999342079143877,1.3970729130726924,-1.274456333338348,-1.0305716746195108,0.5210883414085689,0.8201886017893294,0.10777819567460228,40,0.17715299831526515
134102,N. Aké,597.0,427,407,49,56,28,41,18,64.37185929648241,0.9531615925058547,7.386934673366834,8.442211055276381,0.8367346938775511,0.6428571428571429,1.0082230583838088,1.5595045851986253,-0.0348852785526732,0.8675790227864368,1.5058157260863372,1.1522768779879886,1.4883502438276708,8,1.4369076530015952
136441,B. Davies,1350.0,842,759,122,85,81,83,41,56.133333333333326,0.9014251781472684,8.133333333333333,5.666666666666666,0.680327868852459,0.5061728395061729,0.3118571456090098,0.06942663190430232,0.3013433100224806,-0.16654159839323432,-0.2699221807096383,-0.27754764453401665,0.029423341366845893,45,-0.019683666479473904
145787,J. Andersen,2673.0,1882,1649,421,352,376,329,226,63.36700336700337,0.8761955366631243,14.175084175084175,11.851851851851853,0.7814726840855107,0.601063829787234,0.9232870613779353,-0.6572207983655484,3.022957732716931,2.1379531782220695,0.8784080309444312,0.7150861952264554,1.5958179247340643,6,1.5156423189194907
192792,D. Burn,3330.0,1776,1622,192,104,111,120,59,48.0,0.9132882882882883,5.1891891891891895,2.8108108108108105,0.625,0.5315315315315315,-0.3756173025996164,0.4111000759918008,-1.0248989292010204,-1.230584905996966,-0.8980775953329201,-0.012275928411364096,-0.6749212671548093,68,-0.9251323245352736
234399,A. Webster,901.0,613,550,109,116,65,89,32,61.231964483906765,0.8972267536704731,10.887902330743618,11.587125416204216,0.8165137614678899,0.49230769230769234,0.7428217321081645,-0.051493610230832695,1.5421880432829969,2.0393206118692966,1.2762408582067921,-0.42258790875411484,1.2519701411987245,11,1.3188056541247517
239411,T. Mings,1126.0,613,559,89,65,58,63,35,48.99644760213144,0.9119086460032626,7.113676731793961,5.19538188277087,0.7078651685393258,0.603448275862069,-0.29139202406140485,0.37136453231649247,-0.1579791919529502,-0.3421342912987769,0.042717800933909124,0.7400293627068938,0.11629965770758233,39,0.21652033127421297
240032,J. Bednarek,2532.0,1483,1403,113,83,103,66,70,52.71327014218009,0.9460552933243426,4.016587677725118,2.9502369668246446,0.584070796460177,0.6796116504854369,0.02277443390695602,1.3548336610311214,-1.5531181936599798,-1.1786370922068425,-1.3627602471863276,1.5367577220335236,-0.23546669945361215,53,-0.3346223301510564
255738,J. Lerma,497.0,242,199,52,25,42,27,19,43.82293762575453,0.8223140495867769,9.416498993963783,4.527162977867204,0.5192307692307693,0.4523809523809524,-0.7286857842636439,-2.209079715891276,0.8793681674106836,-0.5911012874162895,-2.0989103110372564,-0.8402527792039673,-1.4799408561169618,82,-1.4762749859605429
257899,J. Gomez,421.0,334,300,56,51,31,43,19,71.40142517814726,0.8982035928143712,11.971496437054633,10.902612826603326,0.7678571428571429,0.6129032258064516,1.6024009590777104,-0.02335933594292153,2.030312334623044,1.784282866024434,0.7238263323716392,0.8389355206069953,1.5370081449762942,7,1.4762749859605429
258154,Rúben Dias,2276.0,2150,2032,225,313,144,175,86,85.01757469244288,0.9451162790697675,8.897188049209138,12.376977152899824,0.7777777777777778,0.5972222222222222,2.7533134435940885,1.327788794162816,0.6454352903147881,2.3336059318748053,0.8364585495733443,0.6748999809524153,1.9513904847267685,2,1.673111650755282
270866,Diego Carlos,846.0,556,507,76,51,62,53,37,59.148936170212764,0.9118705035971223,8.085106382978724,5.425531914893616,0.6973684210526315,0.5967741935483871,0.566752624662296,0.3702659799877334,0.27961862009640015,-0.2563843046799311,-0.0764552109036376,0.6702132512479992,0.34516755702787066,30,0.5708263279047433
283145,T. Adarabioyo,1425.0,1082,1003,127,114,82,98,46,68.33684210526316,0.9269870609981515,8.021052631578947,7.2,0.7716535433070866,0.5609756097560976,1.343365398788305,0.805643058052354,0.25076446536485547,0.4047523162886435,0.7669281099779601,0.29573211681705663,0.89688823744978,15,1.1613363222889603
285382,W. Faes,2836.0,1433,1295,198,148,160,148,86,45.47602256699577,0.9036985345429169,6.283497884344147,4.696755994358251,0.7474747474747475,0.5375,-0.58895787551506,0.13490233769360982,-0.5319480602190422,-0.5279138146159339,0.4924183224844988,0.050158911353687545,-0.1985863904946362,52,-0.29525499719210857
286380,I. Diop,1345.0,701,623,101,71,76,68,38,46.90706319702603,0.8887303851640513,6.758364312267658,4.750929368029739,0.6732673267326733,0.5,-0.46799838361003854,-0.2962003907729628,-0.31803600840799845,-0.5077297371922543,-0.35008282768026544,-0.34212036490597847,-0.5338529681011476,61,-0.6495609938226389
288080,C. Burgess,1546.0,670,546,136,87,112,82,44,39.003880983182405,0.8149253731343283,7.917205692108668,5.0646830530401035,0.6029411764705882,0.39285714285714285,-1.1360191825716424,-2.421883483263131,0.20398475934621346,-0.39083045178653547,-1.148518642993183,-1.4629182970764536,-1.690358229388612,84,-1.5550096518784384
297957,M. Akanji,1974.0,1572,1492,177,226,90,152,64,71.67173252279636,0.9491094147582697,8.069908814589665,10.303951367781156,0.8587570621468926,0.7111111111111111,1.6252488352182075,1.4427964445328194,0.27277260436339085,1.5612317909942075,1.7558428852401464,1.866266671815106,1.9314734989180122,3,1.6337443177963342
327391,J. Bree,490.0,270,242,29,21,17,21,9,49.59183673469387,0.8962962962962963,5.326530612244898,3.857142857142857,0.7241379310344828,0.5294117647058824,-0.24106643200676095,-0.07829202749515077,-0.9630310356694368,-0.8407393859060088,0.22746780277239878,-0.03445034431016174,-0.5338963217263356,62,-0.6889283267815867
346131,T. Chalobah,1872.0,943,829,136,111,114,92,57,45.33653846153846,0.8791092258748674,6.538461538461539,5.336538461538462,0.6764705882352942,0.5,-0.6007478458142166,-0.5733026507514142,-0.417095134885947,-0.2895417514288389,-0.31371515079230655,-0.34212036490597847,-0.6456500439559024,67,-0.8857649915763257
349142,N. Mazraoui,862.0,714,646,104,78,65,65,35,74.5475638051044,0.9047619047619048,10.8584686774942,8.14385150812065,0.625,0.5384615384615384,1.8683300471787603,0.1655288227167367,1.528929129220763,0.7564153312577563,-0.8980775953329201,0.06021735433470459,0.7944369624525209,19,1.0038669904531692
364003,S. Bueno,1727.0,759,685,77,48,66,49,30,39.554140127388536,0.9025032938076416,4.012738853503184,2.5014475969889984,0.6363636363636364,0.45454545454545453,-1.0895082274648973,0.10047780536771468,-1.554851965175423,-1.3458483765292464,-0.769062510174603,-0.8176103967358771,-1.189642891690374,80,-1.3975403200426473
365443,M. de Ligt,2150.0,1293,1169,125,109,98,70,39,54.12558139534884,0.9040989945862336,5.232558139534883,4.562790697674418,0.56,0.3979591836734694,0.14215081498945817,0.14643612272914644,-1.005362612022513,-0.5778270051207335,-1.6360438824384937,-1.4095469669730976,-0.9298850501857596,73,-1.1219689893300127
366217,K. Danso,848.0,513,460,69,40,43,41,18,54.445754716981135,0.8966861598440545,7.32311320754717,4.245283018867925,0.5942028985507246,0.4186046511627907,0.16921364010670648,-0.06706343570907738,-0.06363479610178881,-0.6961249647513321,-1.2477271739503886,-1.1935792591130057,-0.6304525279913662,65,-0.8070303256584301
386292,A. Disasi,450.0,272,258,34,27,11,27,8,54.4,0.9485294117647058,6.8,5.3999999999999995,0.7941176470588235,0.7272727272727273,0.16534619763012265,1.4260915823140332,-0.29928047028681615,-0.2658970618161695,1.0219704367290938,2.035329794243514,1.0052856722497874,14,1.2007036552479082
393247,I. Konaté,2573.0,1748,1610,227,218,115,171,60,61.14263505635445,0.9210526315789473,7.9401476875242905,7.6253400699572484,0.7533039647577092,0.5217391304347826,0.7352711133890678,0.63472355092053,0.21431939035699066,0.5632267903996914,0.5585993353312511,-0.11471208881341848,0.6707609412297482,23,0.8463976586173779
397074,M. Guéhi,2969.0,1534,1336,299,233,223,213,119,46.500505220613,0.8709256844850065,9.063657797238127,7.0629841697541265,0.7123745819397993,0.5336322869955157,-0.5023629189173371,-0.8089995917954066,0.7204245573410187,0.35370254887480473,0.09391464807500996,0.00969961380224223,-0.0794502228822641,48,-0.13778566535631734
399581,D. O'Shea,2520.0,1111,940,215,153,188,140,107,39.67857142857143,0.8460846084608461,7.678571428571429,5.464285714285714,0.6511627906976745,0.5691489361702128,-1.0789906036795784,-1.5244558169438447,0.09648769923841718,-0.24194529831242595,-0.6010428643870265,0.3812314920267396,-0.8985590050316167,71,-1.043234323412117
400549,Pau Torres,2026.0,1203,1094,196,171,119,153,69,53.440276406712734,0.9093931837073982,8.706811451135241,7.5962487660414615,0.7806122448979592,0.5798319327731093,0.08422503602422554,0.2989158526799105,0.5596767563016125,0.5523878654667022,0.8686391830595461,0.4929839767112387,0.7086376749394122,21,0.9251323245352736
402884,K. Walker-Peters,360.0,205,192,19,24,11,15,5,51.25,0.9365853658536586,4.75,6.0,0.7894736842105263,0.45454545454545453,-0.10090927513920199,1.0820870797632494,-1.22273953251236,-0.04234726911456506,0.9692460056427233,-0.8176103967358771,0.14016207212306397,37,0.29525499719210857
412027,E. Konsa,2399.0,1190,1132,104,94,52,73,29,44.64360150062526,0.9512605042016806,3.9016256773655686,3.5264693622342644,0.7019230769230769,0.5576923076923077,-0.6593187214101796,1.5047506985129042,-1.6049048770958834,-0.963942704637227,-0.024744711184312082,0.2613862139550467,-0.12720869431361567,50,-0.21652033127421297
412968,M. Senesi,1133.0,650,526,163,167,163,128,86,51.63283318623124,0.8092307692307692,12.94792586054722,13.265666372462489,0.7852760736196319,0.5276073619631901,-0.0685500906973654,-2.585895694674319,2.470162383280553,2.664716416557112,0.9215891579123021,-0.05332580569640873,0.46207518852975266,27,0.6889283267815867
413002,K. Mavropanos,2046.0,1118,1000,152,114,133,113,83,49.17888563049853,0.8944543828264758,6.686217008797654,5.0146627565982405,0.743421052631579,0.6240601503759399,-0.27597134993633105,-0.13134159977962384,-0.3505360480199553,-0.4094671632872876,0.4463953973695435,0.9556456618177296,-0.06815517440869265,47,-0.09841833239736952
415847,C. Romero,1421.0,1067,963,186,156,75,143,39,67.57916959887403,0.9025304592314901,11.780436312456017,9.88036593947924,0.7688172043010753,0.52,1.279322715806414,0.10126020592002198,1.9442458938959541,1.403411066513685,0.7347262243589003,-0.13290475090082296,1.2943105069750718,9,1.3975403200426473
415917,Gabriel Magalhaes,2365.0,1508,1380,198,212,122,159,63,57.38689217758986,0.9151193633952255,7.534883720930233,8.067653276955602,0.803030303030303,0.5163934426229508,0.41781489250478476,0.46383748892425036,0.03176100862784295,0.728025166622464,1.1231587388140485,-0.1706321567050313,0.6455856728850226,24,0.8070303256584301
415953,Igor Julio,828.0,568,525,84,55,40,59,22,61.739130434782616,0.9242957746478874,9.130434782608695,5.978260869565218,0.7023809523809523,0.55,0.7856902114805309,0.7281304104085571,0.7505054413842157,-0.05044689928491291,-0.019546301159618,0.18091867010691032,0.671429001813136,22,0.8857649915763257
424241,N. Milenković,3330.0,955,835,161,91,150,104,92,25.810810810810807,0.8743455497382199,4.351351351351352,2.459459459459459,0.6459627329192547,0.6133333333333333,-2.2511706543251906,-0.7105028969581694,-1.4023179262872678,-1.3614924422636714,-0.6600808233327946,0.8434347811232346,-1.3728743429377899,81,-1.4369076530015952
424806,E. Pinnock,1921.0,879,782,125,73,78,81,36,41.18167621030713,0.8896473265073948,5.856324830817282,3.420093701197293,0.648,0.46153846153846156,-0.9519398499389843,-0.2697912532801682,-0.7243757809107204,-1.003576466259412,-0.6369510629724858,-0.7444580841466615,-0.9481124624861735,74,-1.1613363222889603
447424,C. Bassey,2901.0,1821,1652,283,191,160,188,83,56.49431230610134,0.9071938495332235,8.779731127197518,5.925542916235781,0.6643109540636042,0.51875,0.3423690907055601,0.2355720859056936,0.5925247249232031,-0.07008871184899375,-0.45176745974990823,-0.14598072677614488,0.20623855914552752,35,0.3739896631100042
475597,S. Botman,417.0,226,208,35,20,10,22,8,48.776978417266186,0.9203539823008849,7.553956834532374,4.316546762589928,0.6285714285714286,0.8,-0.3099427769422291,0.6146015169676107,0.040352832823333164,-0.6695733061910087,-0.8575299971403062,2.796113845171352,0.3268991488200287,31,0.5314589949457954
479155,N. Collins,3420.0,1764,1561,240,190,154,167,76,46.42105263157895,0.8849206349206349,6.315789473684211,5.0,0.6958333333333333,0.4935064935064935,-0.5090786924589267,-0.40592629496737276,-0.5174017378728238,-0.4149302569505721,-0.09388356451274335,-0.4100475123102497,-0.5873399768613359,63,-0.7282956597405345
482177,J. Kiwior,1121.0,686,638,71,95,50,55,25,55.07582515611062,0.9300291545189504,5.700267618198038,7.627118644067796,0.7746478873239436,0.5,0.2224706885665149,0.8932594215634369,-0.7946745356516471,0.5638894568558869,0.8009238782308339,-0.34212036490597847,0.41302904391508455,28,0.6495609938226389
488453,L. Martínez,1663.0,1179,1087,155,131,102,122,55,63.80637402285027,0.9219677692960135,8.388454600120264,7.08959711365003,0.7870967741935484,0.5392156862745098,0.9604251063599939,0.6610807415634128,0.41626723479362804,0.36361807902665255,0.9422601677963657,0.06810632922177678,0.8341526664629187,17,1.0826016563710648
488709,L. Thomas,366.0,156,130,18,23,12,10,4,38.36065573770492,0.8333333333333334,4.426229508196721,5.655737704918033,0.5555555555555556,0.3333333333333333,-1.190388148232523,-1.8917096009460521,-1.368587725066974,-0.17061354361548559,-1.686503115744858,-2.0855838149489396,-2.1248851473689156,87,-1.673111650755282
496001,M. Kilman,3349.0,1753,1588,245,174,223,174,128,47.10958495073156,0.905875641756988,6.584054941773664,4.676022693341296,0.710204081632653,0.5739910313901345,-0.45088012161672447,0.19760593827869563,-0.3965567731950761,-0.5356386898565344,0.06927224726229854,0.4318835882521073,-0.14332662686837064,51,-0.2558876642331608
501419,J. Todibo,1877.0,992,894,106,76,84,66,37,47.56526371870005,0.9012096774193549,5.082578582844966,3.64411294619073,0.6226415094339622,0.44047619047619047,-0.41236362453850395,0.06321992261522777,-1.072923578253671,-0.9201107066269909,-0.9248543111204957,-0.9647858827784647,-0.9223554155838002,72,-1.0826016563710648
504375,M. Lacroix,3117.0,1325,1124,248,141,191,157,103,38.25794032723773,0.8483018867924528,7.160731472569779,4.071222329162657,0.6330645161290323,0.5392670157068062,-1.1990702244784388,-1.4605952344275381,-0.13678254473826595,-0.760977016586517,-0.8065185026399209,0.06864327515649883,-1.1721066771274196,79,-1.3581729870836994
508021,Jorge Cuenca,360.0,159,132,25,8,15,12,4,39.75,0.8301886792452831,6.25,2.0,0.48,0.26666666666666666,-1.0729530646145147,-1.9822798460129676,-0.547037779664401,-1.5326792204585933,-2.5443100819530473,-2.782969194966124,-2.4871682434673716,88,-1.7124789837142298
518805,L. Woolfenden,1180.0,512,459,68,49,50,41,26,39.050847457627114,0.896484375,5.186440677966102,3.73728813559322,0.6029411764705882,0.52,-1.1320493156327267,-0.07287510919210238,-1.0261370451017955,-0.8853952161672252,-1.148518642993183,-0.13290475090082296,-0.9677607950793771,75,-1.2007036552479082
520300,N. Wood,784.0,444,418,25,25,11,16,2,50.96938775510204,0.9414414414414415,2.8698979591836737,2.8698979591836737,0.64,0.18181818181818182,-0.1246281786090965,1.221948553786819,-2.0696650288541045,-1.2085700397134953,-0.7277776829239412,-3.670550587715268,-1.1262675948990193,78,-1.3188056541247517
534563,C. Richards,1926.0,781,654,138,77,91,78,34,36.49532710280374,0.8373879641485276,6.448598130841121,3.5981308411214954,0.5652173913043478,0.37362637362637363,-1.3480560712661012,-1.7749308086510667,-0.4575757095832853,-0.9372428567206755,-1.5768091302962413,-1.664087156696795,-1.8915163473796406,85,-1.5943769848373863
545267,R. Drăgușin,1267.0,728,639,107,92,84,73,38,51.71270718232044,0.8777472527472527,7.600631412786109,6.5351223362273085,0.6822429906542056,0.4523809523809524,-0.06179869749396652,-0.612529299053165,0.06137822904965848,0.15703020977478993,-0.24817917570364048,-0.8402527792039673,-0.3978720365226764,58,-0.5314589949457954
549884,T. Harwood-Bellis,2838.0,1974,1779,314,263,202,235,119,62.600422832980975,0.9012158054711246,9.957716701902747,8.340380549682875,0.7484076433121019,0.5891089108910891,0.8584914224884449,0.0633964187051071,1.1231693366951587,0.829638708759557,0.5030097944437085,0.5900284103645153,0.8834623777070658,16,1.1219689893300127
557788,W. Fofana,870.0,546,503,68,43,29,39,13,56.48275862068966,0.9212454212454212,7.0344827586206895,4.448275862068965,0.5735294117647058,0.4482758620689655,0.34139250912730107,0.6402761512543019,-0.19365352961173288,-0.6204932847221624,-1.4824400398735336,-0.8831952287124146,-0.3231423032144683,56,-0.45272432902789983
558243,S. van den Berg,1572.0,716,661,54,42,39,33,20,40.99236641221374,0.9231843575418994,3.0916030534351147,2.404580152671756,0.6111111111111112,0.5128205128205128,-0.9679413641584196,0.6961201107563941,-1.9697940149867574,-1.3819395383570028,-1.055762699415307,-0.20800779182575116,-1.0236265520333239,76,-1.2400709882068561
563725,Morato,975.0,282,235,61,32,35,34,20,26.03076923076923,0.8333333333333334,5.630769230769231,2.953846153846154,0.5573770491803278,0.5714285714285714,-2.232578548580548,-1.8917096009460521,-0.8259813237888146,-1.1772923705227096,-1.6658231020947096,0.40507825654100454,-1.9370952718605898,86,-1.6337443177963342
568412,J. Gvardiol,988.0,920,870,136,160,43,120,25,83.80566801619433,0.9456521739130435,12.388663967611336,14.574898785425102,0.8823529411764706,0.5813953488372093,2.6508763689792127,1.3432232826396373,2.21823288904199,3.1525141407504678,2.023734627370145,0.5093385293010494,2.8735926773652936,1,1.7124789837142298
578325,W. Saliba,3039.0,2422,2309,199,234,101,160,69,71.72754195459034,0.9533443435177539,5.893385982230996,6.929911154985192,0.8040201005025126,0.6831683168316832,1.6299661579633797,1.5647680588496156,-0.7076809242621803,0.3041218074318502,1.1343962336687101,1.5739632287055931,1.1972777243167294,12,1.2794383211658038
583655,C. Okoli,1145.0,548,483,80,45,44,47,21,43.07423580786026,0.8813868613138686,6.288209606986899,3.537117903930131,0.5875,0.4772727272727273,-0.7919702148943393,-0.5077037027884844,-0.5298255807199481,-0.9599752391560846,-1.3238273763553665,-0.5798653808209275,-1.0790898085741305,77,-1.2794383211658038
590703,I. Zabarnyi,3116.0,1591,1381,331,288,297,255,176,45.95314505776636,0.8680075424261471,9.560333761232348,8.318356867779205,0.770392749244713,0.5925925925925926,-0.5486288360391866,-0.8930459873640955,0.9441611036532487,0.8214330595527378,0.7526139020854283,0.626470440673444,0.28910986364838037,33,0.45272432902789983
590781,J. van Hecke,2968.0,2014,1826,374,349,245,320,154,61.07142857142858,0.9066534260178749,11.340970350404312,10.58288409703504,0.8556149732620321,0.6285714285714286,0.7292523463071058,0.22000716561413014,1.7462806133123867,1.6651573806648714,1.720169721115281,1.0028371536985914,1.651686872074366,5,1.5550096518784384
590874,Toti,2530.0,1506,1339,213,146,144,141,70,53.573122529644266,0.8891102257636122,7.5770750988142295,5.1936758893280635,0.6619718309859155,0.4861111111111111,0.09545392722000552,-0.28526047330499066,0.05076686728870114,-0.3427699154329264,-0.4783242900995219,-0.487408985742892,-0.3512210597315502,57,-0.4920916619868476
594120,J. O'Brien,372.0,164,151,27,18,11,24,4,39.67741935483871,0.9207317073170732,6.53225806451613,4.354838709677419,0.8888888888888888,0.36363636363636365,-1.0790879833419182,0.6254805028039468,-0.4198896003650535,-0.655306378135093,2.097939382232445,-1.768590460395674,0.030996926965008654,44,0.019683666479473904
604320,J. Branthwaite,2525.0,1100,956,232,169,140,174,79,39.20792079207921,0.8690909090909091,8.26930693069307,6.023762376237624,0.75,0.5642857142857143,-1.1187726061330454,-0.8618435779488008,0.36259504207382504,-0.033493811977867854,0.5210883414085689,0.33035839439630643,-0.2481174872831674,54,-0.3739896631100042
619747,L. Colwill,3150.0,2292,2086,327,247,167,235,75,65.48571428571428,0.9101221640488656,9.342857142857143,7.057142857142857,0.7186544342507645,0.4491017964071856,1.1023722605280635,0.31991146183977226,0.8461948821602003,0.3515261751692138,0.1652118679749227,-0.8745553107274817,0.5360967089238176,26,0.7282956597405345
620468,J. Greaves,1846.0,854,772,129,81,66,87,30,41.63596966413868,0.9039812646370023,6.289274106175514,3.949079089924161,0.6744186046511628,0.45454545454545453,-0.9135404472958326,0.14304534267670618,-0.5293460580748464,-0.806485509605964,-0.33701199243512237,-0.8176103967358771,-0.5987891788090864,64,-0.7676629926994823
622200,J. Quansah,367.0,279,260,38,25,17,26,12,68.41961852861036,0.931899641577061,9.318801089918257,6.130790190735695,0.6842105263157895,0.7058823529411765,1.3503621212430548,0.9471319514201627,0.8353584040685943,0.00638293092938143,-0.22584109898168828,1.8115697792647387,1.0751815066609385,13,1.2400709882068561
623641,E. Agbadou,1411.0,906,795,135,91,120,87,61,57.78880226789511,0.8774834437086093,8.610914245216158,5.804394046775337,0.6444444444444445,0.5083333333333333,0.451786562696844,-0.6201273523244601,0.5164781495464482,-0.11522671960552033,-0.6773184496175768,-0.25494719240383074,-0.259025895078615,55,-0.41335699606895204
625787,M. van de Ven,1022.0,703,655,103,80,34,74,15,61.90802348336595,0.9317211948790897,9.070450097847358,7.045009784735812,0.7184466019417476,0.4411764705882353,0.799965988781486,0.9419924477691707,0.7234842702927038,0.3470055988001663,0.16285227970683394,-0.957460406097612,0.7227031462791913,20,0.9644996574942214
627012,Murillo,3189.0,1245,1035,312,243,263,230,144,35.136406396989656,0.8313253012048193,8.805268109125118,6.857949200376294,0.7371794871794872,0.5475285171102662,-1.4629195871335785,-1.9495436128562518,0.6040283138904868,0.27731000737314765,0.3755328607171346,0.155065029592965,-0.6756768461128754,69,-0.9644996574942214
645877,Y. Mosquera,442.0,209,188,32,20,22,21,10,42.55656108597285,0.8995215311004785,6.515837104072399,4.072398190045249,0.65625,0.45454545454545453,-0.8357269538838189,0.014599050007824623,-0.4272867148685708,-0.7605389108256014,-0.5432861111475478,-0.8176103967358771,-0.6452333681452941,66,-0.8463976586173779
653730,A. Khusanov,504.0,338,309,50,32,22,36,9,60.357142857142854,0.9142011834319527,8.928571428571429,5.7142857142857135,0.72,0.4090909090909091,0.6688769556564645,0.43739267752030064,0.659572493278383,-0.14879955135342451,0.18048851659061121,-1.2931004285657752,0.298922856278488,32,0.4920916619868476
767087,A. Gray,935.0,675,635,61,44,44,40,23,64.97326203208556,0.9407407407407408,5.871657754010696,4.235294117647059,0.6557377049180327,0.5227272727272727,1.059056953524374,1.2017674361172537,-0.7174687921920054,-0.6998466594134011,-0.5491023649866529,-0.10437534899102945,0.13041790869574435,38,0.2558876642331608
769441,L. Yoro,1219.0,708,657,98,61,43,65,23,52.27235438884331,0.9279661016949152,7.23543888433142,4.503691550451189,0.6632653061224489,0.5348837209302325,-0.014494211285465507,0.83384074000832,-0.10312925868621599,-0.5998463419717242,-0.4636390432691994,0.022790589754175663,0.10018899502994798,42,0.09841833239736952
777938,Dean Huijsen,2457.0,1454,1256,287,285,238,220,142,53.26007326007326,0.8638239339752407,10.512820512820513,10.43956043956044,0.7665505226480837,0.5966386554621849,0.06899326649945973,-1.0135395081308047,1.3732257487283028,1.6117574241354005,0.7089918452279997,0.6687954170517048,0.6327990209739112,25,0.7676629926994823
