player.id,player.name,minutes_played,total_duels,yellow_cards,red_cards,duel_success_rate,possession_win_rate,discipline,card_discipline,duels_per90,aerial_wins_per90,z_duel_success_rate,z_possession_win_rate,z_discipline,z_card_discipline,z_duels_per90,z_aerial_wins_per90,aerial_duel_quality_score
479155,N. Collins,3420.0,213,0,0,0.596244131455399,0.39906103286384975,0.9953051643192489,1.0,5.605263157894737,3.342105263157895,0.4525266164775984,0.19807709926693107,-2.8668815706710393e-05,0.17656294072911694,1.3604071668116022,1.3539927064354194,0.8041308511166497
496001,M. Kilman,3349.0,193,0,0,0.6010362694300518,0.43005181347150256,1.0,1.0,5.186622872499253,3.1173484622275307,0.5172852269221521,0.6636117420286075,0.53680623164123,0.17656294072911694,0.9802627464369378,1.051564431844361,1.0316822585844438
370,V. van Dijk,3330.0,187,0,0,0.7219251336898396,0.5133689839572193,1.0,1.0,5.054054054054054,3.6486486486486487,2.150918254412614,1.915178447915449,0.53680623164123,0.17656294072911694,0.8598842295916312,1.7664713801730536,2.3702362512866966
192792,D. Burn,3330.0,242,0,0,0.6033057851239669,0.38016528925619836,0.9958677685950413,1.0,6.54054054054054,3.9459459459459456,0.5479543527898595,-0.08576935692501138,0.06430278619772507,0.17656294072911694,2.2096815699654884,2.1665087018025924,1.0111108722457416
424241,N. Milenković,3330.0,155,1,0,0.6387096774193548,0.3935483870967742,0.9870967741935484,0.9935483870967742,4.1891891891891895,2.675675675675676,1.026385249709945,0.11526771119964693,-0.9386238818726909,-5.269954891931662,0.07454759519229594,0.4572583275672895,-0.46569688560951344
627012,Murillo,3189.0,85,0,0,0.611764705882353,0.4588235294117647,1.0,1.0,2.3988711194731893,1.4675446848541862,0.6622640736432862,1.0958122300209239,0.53680623164123,0.17656294072911694,-1.551142642085138,-1.168378669941546,0.3999489948364893
619747,L. Colwill,3150.0,140,1,0,0.6,0.44285714285714284,0.9714285714285714,0.9928571428571429,4.0,2.4000000000000004,0.5032815883184055,0.8559697376680451,-2.730217591139587,-5.853510374002423,-0.09724479358255893,0.08631462932898985,-0.708061695169742
504375,M. Lacroix,3117.0,142,0,0,0.5211267605633803,0.3028169014084507,0.9929577464788732,1.0,4.100096246390761,2.136669874879692,-0.5625728203385348,-1.247674717127554,-0.2684461190441814,0.17656294072911694,-0.006352849129699867,-0.26801714198259935,-0.9327006911308088
590703,I. Zabarnyi,3116.0,141,0,0,0.5602836879432624,0.41843971631205673,1.0,1.0,4.072528883183568,2.2817715019255456,-0.03342524157267718,0.48917813962036144,0.53680623164123,0.17656294072911694,-0.031385268782663234,-0.07277128278642439,0.34524875745109285
578325,W. Saliba,3039.0,97,0,0,0.6082474226804123,0.5360824742268041,1.0,1.0,2.872655478775913,1.7472852912142152,0.614733227515228,2.2563740025673016,0.53680623164123,0.17656294072911694,-1.120924894455878,-0.7919652819403005,1.1722475340175025
397074,M. Guéhi,2969.0,155,0,0,0.5225806451612903,0.3548387096774194,0.9935483870967742,1.0,4.698551700909397,2.4553721791849106,-0.5429257344646738,-0.4662179918222732,-0.2009088251157304,0.17656294072911694,0.5370719234363891,0.160822330728547,-0.3056442093123408
590781,J. van Hecke,2968.0,163,0,0,0.6073619631901841,0.4601226993865031,1.0,1.0,4.942722371967655,3.0020215633423177,0.6027675607302944,1.1153279898119883,0.53680623164123,0.17656294072911694,0.7587899984999205,0.8963828538034877,1.2336742503843026
50102,F. Schär,2945.0,143,0,0,0.4825174825174825,0.3076923076923077,1.0,1.0,4.370118845500849,2.108658743633277,-1.0843197336671069,-1.1744377583233299,0.53680623164123,0.17656294072911694,0.23883995244168946,-0.3057083622577167,-0.9005208713959747
9433,J. Tarkowski,2922.0,170,0,0,0.6588235294117647,0.32941176470588235,0.9941176470588236,1.0,5.236139630390143,3.4496919917864473,1.2981940149428044,-0.8481742869445152,-0.1358163201077592,0.17656294072911694,1.0252262147985234,1.4987592655488422,0.4579071236027188
447424,C. Bassey,2901.0,85,0,0,0.5294117647058824,0.3764705882352941,1.0,1.0,2.637021716649431,1.3960703205791107,-0.4506133236308726,-0.14127009895708276,0.53680623164123,0.17656294072911694,-1.3348910679206532,-1.264553150872608,-0.6092204134412542
549884,T. Harwood-Bellis,2838.0,123,0,0,0.4878048780487805,0.2764227642276423,1.0,1.0,3.9006342494714588,1.9027484143763214,-1.0128684546578866,-1.6441598969954045,0.53680623164123,0.17656294072911694,-0.18747341456699632,-0.5827771999519833,-1.265216867786342
285382,W. Faes,2836.0,83,0,0,0.5421686746987951,0.2891566265060241,1.0,1.0,2.6339915373765868,1.428067700987306,-0.2782226768930517,-1.4528754598012348,0.53680623164123,0.17656294072911694,-1.3376426085236282,-1.2214981131241291,-1.260463837559094
145787,J. Andersen,2673.0,137,0,0,0.6204379562043796,0.43795620437956206,0.9927007299270073,1.0,4.612794612794613,2.861952861952862,0.7794701394667373,0.7823492415520448,-0.2978348909670067,0.17656294072911694,0.4592005868935699,0.7079091991239672,0.8867348942690729
393247,I. Konaté,2573.0,128,0,0,0.625,0.515625,1.0,1.0,4.477263894286825,2.7982899339292655,0.8411193696337753,1.94906767567763,0.53680623164123,0.17656294072911694,0.3361325300737786,0.6222456312234957,1.6322846086926246
240032,J. Bednarek,2532.0,120,0,0,0.5916666666666667,0.45,1.0,1.0,4.265402843601896,2.523696682464455,0.3906689945466161,0.9632676947732808,0.53680623164123,0.17656294072911694,0.14375305986463052,0.25275842144344246,0.8388068960319481
590874,Toti,2530.0,89,0,0,0.5730337078651685,0.48314606741573035,0.9887640449438202,1.0,3.16600790513834,1.814229249011858,0.13887229611306287,1.4611784395425187,-0.7479784177669593,0.17656294072911694,-0.8545475486166018,-0.7018868257279327,0.4534222217480069
604320,J. Branthwaite,2525.0,111,0,0,0.6306306306306306,0.38738738738738737,0.990990990990991,1.0,3.9564356435643564,2.495049504950495,0.9172089600201198,0.02271893564360525,-0.4933364151815521,0.17656294072911694,-0.13680321068658488,0.2142113499795855,0.2773188419994668
399581,D. O'Shea,2520.0,169,0,0,0.591715976331361,0.3431952662721893,1.0,1.0,6.035714285714286,3.571428571428571,0.3913353412553251,-0.6411224685694984,0.53680623164123,0.17656294072911694,1.751276369306055,1.662565582347199,0.5443471336348253
777938,Dean Huijsen,2457.0,127,0,0,0.5826771653543307,0.4251968503937008,0.9921259842519685,1.0,4.652014652014652,2.7106227106227108,0.2691892674069682,0.5906818752188813,-0.36355466440072565,0.17656294072911694,0.4948141663709696,0.5042823617115543,0.5712396983740641
412027,E. Konsa,2399.0,54,0,0,0.5370370370370371,0.3888888888888889,1.0,1.0,2.0258441017090454,1.0879533138807838,-0.34756912017956104,0.045274061761823206,0.53680623164123,0.17656294072911694,-1.8898681407983822,-1.6791492579635217,-0.6586983794685076
415917,Gabriel Magalhaes,2365.0,105,0,0,0.6476190476190476,0.37142857142857144,1.0,1.0,3.9957716701902752,2.587737843551797,1.1467821241572052,-0.2170098333843074,0.53680623164123,0.17656294072911694,-0.10108430936913036,0.3389309322207852,0.4132075706265868
258154,Rúben Dias,2276.0,82,0,0,0.45121951219512196,0.35365853658536583,0.9878048780487805,1.0,3.242530755711775,1.4630931458699474,-1.5072652078023294,-0.48394621447538105,-0.8576551561310709,0.17656294072911694,-0.7850613197669944,-1.1743685721322934,-1.235251306476787
365443,M. de Ligt,2150.0,93,0,0,0.6129032258064516,0.45161290322580644,0.989247311827957,1.0,3.893023255813953,2.386046511627907,0.6776494754489192,0.9874962657325271,-0.6927188629536998,0.17656294072911694,-0.19438454298282595,0.06753909330324788,0.6540914582389603
9097,L. Dunk,2102.0,92,0,0,0.5652173913043478,0.391304347826087,1.0,1.0,3.939105613701237,2.226450999048525,0.033246414314412914,0.08155839508243433,0.53680623164123,0.17656294072911694,-0.1525396660331305,-0.14720944957538187,0.1077044361982286
413002,K. Mavropanos,2046.0,89,0,0,0.651685393258427,0.4044943820224719,1.0,1.0,3.9149560117302054,2.5513196480938416,1.201732731711979,0.2796953163612758,0.53680623164123,0.17656294072911694,-0.17446860303183367,0.2899273337958291,0.6780440089014618
400549,Pau Torres,2026.0,63,0,0,0.3968253968253968,0.31746031746031744,1.0,1.0,2.798617966436328,1.1105626850937809,-2.242320697927137,-1.02770550929053,0.53680623164123,0.17656294072911694,-1.1881543231472078,-1.6487265383962773,-1.7167468722215224
297957,M. Akanji,1974.0,71,0,0,0.4507042253521127,0.28169014084507044,0.9859154929577465,1.0,3.237082066869301,1.4589665653495443,-1.5142285423536597,-1.565034871945855,-1.0736984697295928,0.17656294072911694,-0.790008977061532,-1.1799212166866766,-1.862065428070246
534563,C. Richards,1926.0,104,0,0,0.5384615384615384,0.2980769230769231,1.0,1.0,4.859813084112149,2.6168224299065423,-0.32831910415019633,-1.3188773159649931,0.53680623164123,0.17656294072911694,0.6835045941205182,0.37806657230842594,-0.5150068619870736
424806,E. Pinnock,1921.0,116,0,0,0.6379310344827587,0.41379310344827586,1.0,1.0,5.434669442998438,3.4669442998438313,1.0158630496244843,0.4193780501363982,0.53680623164123,0.17656294072911694,1.2055003144823977,1.521973627636709,1.1987248629760918
501419,J. Todibo,1877.0,57,0,0,0.47368421052631576,0.3333333333333333,1.0,1.0,2.7330847096430473,1.2946190729888118,-1.2036882541171454,-0.7892656046122294,0.53680623164123,0.17656294072911694,-1.24766150099898,-1.4010639289084208,-1.2149615853349027
346131,T. Chalobah,1872.0,81,0,0,0.5679012345679012,0.4074074074074074,1.0,1.0,3.894230769230769,2.2115384615384617,0.06951456045669643,0.32345395055317355,0.53680623164123,0.17656294072911694,-0.19328806587839115,-0.16727546301868682,0.2397465320914772
620468,J. Greaves,1846.0,111,0,0,0.6486486486486487,0.43243243243243246,0.990990990990991,1.0,5.411700975081256,3.5102925243770313,1.1606956492564224,0.6993727191901348,-0.4933364151815521,0.17656294072911694,1.1846439009267296,1.5803021351519195,1.2463757979299392
8653,H. Maguire,1795.0,94,0,0,0.6063829787234043,0.4148936170212766,1.0,1.0,4.713091922005571,2.857938718662953,0.5895380431223305,0.43590965027733675,0.53680623164123,0.17656294072911694,0.5502751055322133,0.7025078478673946,0.7817035086697813
7953,C. Coady,1730.0,37,0,0,0.43243243243243246,0.32432432432432434,1.0,1.0,1.9248554913294798,0.8323699421965318,-1.7611446215792055,-0.9245963613215347,0.53680623164123,0.17656294072911694,-1.9815703923409351,-2.0230571521525906,-1.7216775461343077
364003,S. Bueno,1727.0,75,0,0,0.49333333333333335,0.3466666666666667,1.0,1.0,3.90851187029531,1.9281991893456862,-0.9381596119605038,-0.5889760846824564,0.53680623164123,0.17656294072911694,-0.18032017655698185,-0.5485311440856915,-0.6580106153395396
488453,L. Martínez,1663.0,32,0,0,0.4375,0.28125,1.0,1.0,1.7318099819603128,0.7576668671076369,-1.6926639902314957,-1.571646541837903,0.53680623164123,0.17656294072911694,-2.156864495238242,-2.1235761220447653,-2.1036111349256332
62126,M. Doherty,1661.0,74,0,0,0.6756756756756757,0.5135135135135135,1.0,1.0,4.009632751354606,2.7092113184828417,1.5259256831108752,1.9173495295738858,0.53680623164123,0.17656294072911694,-0.08849781722109706,0.5023832205604741,1.7341074120024855
558243,S. van den Berg,1572.0,102,0,0,0.47058823529411764,0.30392156862745096,1.0,1.0,5.8396946564885495,2.748091603053435,-1.2455257502552715,-1.231080722104375,0.53680623164123,0.17656294072911694,1.5732816303055308,0.5546997570551224,-0.572970923970628
288080,C. Burgess,1546.0,69,0,0,0.5217391304347826,0.3188405797101449,1.0,1.0,4.016817593790427,2.095730918499353,-0.554297553190577,-1.0069716045358954,0.53680623164123,0.17656294072911694,-0.08197365349741641,-0.32310378625949726,-0.698288751478973
283145,T. Adarabioyo,1425.0,71,0,0,0.5633802816901409,0.38028169014084506,0.971830985915493,1.0,4.484210526315789,2.526315789473684,0.008420612870541029,-0.08402081612711466,-2.6842031711004157,0.17656294072911694,0.34244038791338444,0.2562826396672814,-0.32033025640977103
415847,C. Romero,1421.0,77,0,0,0.5064935064935064,0.3246753246753247,0.961038961038961,1.0,4.876847290640394,2.47009148486981,-0.7603194638741456,-0.9193237344367569,-3.9182262539689754,0.17656294072911694,0.69897242842391,0.18062833527673297,-1.1689397332401834
623641,E. Agbadou,1411.0,54,0,0,0.6111111111111112,0.5,1.0,1.0,3.4443656980864636,2.104890148830617,0.6534317133474595,1.7143533945099276,0.53680623164123,0.17656294072911694,-0.6017860119262848,-0.3107793083607199,1.0821635681204524
15806,J. Vestergaard,1396.0,48,0,0,0.5416666666666666,0.3541666666666667,1.0,1.0,3.0945558739255015,1.67621776504298,-0.28500656808412345,-0.4763132297219593,0.53680623164123,0.17656294072911694,-0.919429242848052,-0.8875923296222996,-0.5875124972009799
136441,B. Davies,1350.0,98,0,0,0.5204081632653061,0.41836734693877553,1.0,1.0,6.533333333333334,3.4,-0.5722835930121579,0.4880910275929532,0.53680623164123,0.17656294072911694,2.2031370980121614,1.4318947111738025,0.8760175185520743
286380,I. Diop,1345.0,45,0,0,0.5555555555555556,0.28888888888888886,1.0,1.0,3.011152416356877,1.6728624535315986,-0.09731891179780625,-1.4568973377114713,0.53680623164123,0.17656294072911694,-0.9951633758035464,-0.892107169960399,-1.0761272728880786
545267,R. Drăgușin,1267.0,54,0,0,0.5185185185185185,0.4074074074074074,1.0,1.0,3.835832675611681,1.9889502762430937,-0.5978193285613173,0.32345395055317355,0.53680623164123,0.17656294072911694,-0.24631619103562924,-0.4667856916061165,-0.046177723803543944
769441,L. Yoro,1219.0,36,0,0,0.5277777777777778,0.4444444444444444,1.0,1.0,2.6579163248564397,1.40278917145201,-0.4726942243704392,0.879813728135875,0.53680623164123,0.17656294072911694,-1.3159178133082707,-1.255512398965149,-0.054766878731475996
518805,L. Woolfenden,1180.0,42,0,0,0.35714285714285715,0.30952380952380953,1.0,1.0,3.2033898305084745,1.1440677966101696,-2.7785711444594687,-1.14692546162968,0.53680623164123,0.17656294072911694,-0.8206030601188111,-1.6036427276998355,-1.880895099669418
583655,C. Okoli,1145.0,61,0,0,0.5081967213114754,0.29508196721311475,0.9836065573770492,1.0,4.79475982532751,2.4366812227074237,-0.7373030512659016,-1.3638666863779703,-1.3377156338887486,0.17656294072911694,0.6244332762925939,0.1356721519818124,-1.0243916707092806
412968,M. Senesi,1133.0,65,0,0,0.5076923076923077,0.35384615384615387,1.0,1.0,5.163283318623124,2.621359223300971,-0.7441194503844972,-0.481127881643348,0.53680623164123,0.17656294072911694,0.9590693699522485,0.3841711911354143,-0.14374202101250574
239411,T. Mings,1126.0,61,0,0,0.5737704918032787,0.29508196721311475,0.9836065573770492,1.0,4.875666074600355,2.797513321492007,0.1488288341514604,-1.3638666863779703,-1.3377156338887486,0.17656294072911694,0.6978998305336862,0.621200636996608,-0.6237432479167486
7919,M. Keane,1055.0,62,0,0,0.6451612903225806,0.3548387096774194,1.0,1.0,5.289099526066351,3.4123222748815167,1.113569193275202,-0.4662179918222732,0.53680623164123,0.17656294072911694,1.073316208875218,1.4484753188173882,0.7089536075234752
625787,M. van de Ven,1022.0,46,0,0,0.5434782608695652,0.43478260869565216,1.0,1.0,4.050880626223091,2.2015655577299413,-0.2605255694380821,0.7346763948534313,0.53680623164123,0.17656294072911694,-0.051042870741796184,-0.18069480374158606,0.3800367381999995
8360,C. Dawson,997.0,36,0,0,0.6944444444444444,0.4444444444444444,1.0,1.0,3.24974924774323,2.2567703109327986,1.7795576510653568,0.879813728135875,0.53680623164123,0.17656294072911694,-0.778506600679976,-0.10641238740866271,0.9982978699062273
568412,J. Gvardiol,988.0,37,0,0,0.6216216216216216,0.43243243243243246,1.0,1.0,3.3704453441295548,2.0951417004048585,0.7954656154019683,0.6993727191901348,0.53680623164123,0.17656294072911694,-0.6689090554773685,-0.3238966263913118,0.5599300958039795
234399,A. Webster,901.0,38,0,0,0.6842105263157895,0.39473684210526316,0.9736842105263158,1.0,3.795782463928968,2.597114317425083,1.64126148327544,0.13312034243277607,-2.4722946577621503,0.17656294072911694,-0.28268360486830624,0.35154772870261713,0.2641937392560085
557788,W. Fofana,870.0,36,0,0,0.5833333333333334,0.3333333333333333,0.9722222222222222,1.0,3.7241379310344827,2.1724137931034484,0.2780564007748267,-0.7892656046122294,-2.639466929395676,0.17656294072911694,-0.347740099382347,-0.21992083757362316,-0.8322395853303625
349142,N. Mazraoui,862.0,34,0,0,0.47058823529411764,0.38235294117647056,1.0,1.0,3.549883990719257,1.6705336426914152,-1.2455257502552715,-0.052907075458654015,0.53680623164123,0.17656294072911694,-0.5059706028718884,-0.895240771441334,-0.5932919385862636
366217,K. Danso,848.0,41,0,0,0.5853658536585366,0.43902439024390244,1.0,1.0,4.351415094339623,2.547169811320755,0.3055228870606281,0.7983952240993825,0.53680623164123,0.17656294072911694,0.22185609567477707,0.28434339609105636,0.7420131329596207
475597,S. Botman,417.0,30,0,0,0.5333333333333333,0.43333333333333335,1.0,1.0,6.474820143884892,3.4532374100719423,-0.3976191618559129,0.7129057948610652,0.53680623164123,0.17656294072911694,2.1500044606069055,1.5035299097756127,1.0613197560793077
